{"cameraMode":{"drawMode":0,"name":"Shaded","section":"Shading Mode"},"sceneLighting":true,"audioPlay":false,"sceneViewState":{"showFog":true,"showMaterialUpdate":false,"showSkybox":true,"showFlares":true,"showImageEffects":true,"showParticleSystems":true},"in2DMode":false,"pivot":{"x":0.23140525817871095,"y":-0.11175274848937988,"z":-0.8291003704071045},"rotation":{"x":-0.07811449468135834,"y":0.7978338599205017,"z":-0.10593006014823914,"w":-0.5883351564407349},"size":10.240304946899414,"orthographic":false}